{
	"lead-request": {
		"lead": {
			"ExternalId": "1234",
			"IsTestData": "TRUE",
			"BusinessId": "456",
			"CustomerType": "Individual",
			"CrmId": "43",
			"Salutation": "Mr",
			"FirstName": "John",
			"LastName": "Doe",
			"CompanyName": "jdoe",
			"BirthDate": "1962-10-03",
			"EmailAddress": "jdoe@gmail.com",
			"EmailAddressValid": "TRUE",
			"EmailAddressValidatedBy": "DataTools",
			"HomePhone": "00343443",
			"HomePhoneValid": "TRUE",
			"HomePhoneValidatedBy": "DataTools",
			"MobilePhone": "864533",
			"MobilePhoneValid": "TRUE",
			"MobilePhoneValidatedBy": "DataTools",
			"WorkPhone": "6565656",
			"WorkPhoneValid": "TRUE",
			"WorkPhoneValidatedBy": "DataTools",
			"StandardAddressStreet": "Yellow Street",
			"StandardAddressCity": "Melbourne",
			"StandardAddressState": "Victoria",
			"StandardAddressCountry": "Austrailia",
			"StandardAddressPostcode": "323",
			"StandardAddressDPID": "34",
			"StandardAddressValid": "TRUE",
			"StandardAddressValidatedBy": "DataTools",
			"PostOptIn": "FALSE",
			"SMSOptIn": "FALSE",
			"PhoneOptIn": "FALSE",
			"EmailOptIn": "TRUE",
			"ExternalLeadId": "fd3443",
			"RecordType": "Brochure Request",
			"LeadForm": "Book a Test Drive",
			"RecordSubtype": "Finance",
			"DealerID": "3434",
			"LegacyDealerCode": "I54354",
			"ExternalDealerID": "E234",
			"Department": "Promotion",
			"CampaignName": "Snow",
			"LeadDateTime": "2017-03-10T153032",
			"DeliveryMethod": "Download",
			"ClientSource": "Facebook",
			"ClientCookieID": "431932",
			"ThirdPartyVehicleReferenceId": "3434",
			"SourceSystem": "VMS",
			"PurchaseType": "Other",
			"Purchase_Type_Description": "Description",
			"PurchaseIntention": "I'm looking to purchase in 6 months or more",
			"PurchaseDate": "2018 - 10 - 10",
			"FleetManagement": "TRUE",
			"FleetSize": "Large",
			"FinanceAmount": 100000,
			"FinanceTerm": "1 Year",
			"FinanceInterestRate": 2.1,
			"PreferredTestDriveDate": "2017 - 12 - 12",
			"PreferredTestDriveTime": "Afternoon",
			"Tags": "Learner",
			"Comments": "First Time Purchaser",
			"VIN": "5454",
			"RegistrationNumber": "E34 F44",
			"OdometerReading": "10",
			"Make": "Audi",
			"ModelsOfInterest": "Tribeca",
			"ModelYear": "2017",
			"ModelFamily": "C",
			"Variant": "B",
			"ModelVariantDescription": "Model Variant Description",
			"ModelDescription": "Model Description",
			"Series": "3",
			"BodyType": "Saloon",
			"EngineDescription": "1.9",
			"Transmission": "Automatic",
			"FuelType": "Diesel",
			"ExteriorColour": "Blue",
			"Price": "29500",
			"URL": "www.google.com",
			"ImageURL": "www.google.com",
			"StockNumber": "1234",
			"TradeInAvailable": "TRUE",
			"TradeInMake": "VW",
			"TradeInModel": "Golf",
			"TradeInModelYear": "2011",
			"TradeInColour": "Silver",
			"TradeInOdometerReading": "10",
			"TradeInDetailsUrl": "www.google.com",
			"TradeInVehicleCondition": "Poor",
			"PartNumber": "e45",
			"DropOffTime": "6:30AM",
			"PickUpTime": "6:30PM",
			"ServiceDate": "2018-10-10",
			"PreviouslyServicedHere": "FALSE",
			"ServiceInterval": "100000KM",
			"ServiceType": "Other",
			"TransportRequirements": "Taxi Booking"
		}
	}
}