{
  "$schema": "http://json-schema.org/draft-04/schema#", 
  "definitions": {}, 
  "id": "http://example.com/example.json", 
  "properties": {
    "vehicle-request": {
      "id": "/properties/vehicle-request", 
      "properties": {
        "vehicle": {
          "id": "/properties/vehicle-request/properties/vehicle", 
          "properties": {
            "BuildDate": {
              "default": "2016-01-12", 
              "description": "An explanation about the purpose of this instance.", 
              "id": "/properties/vehicle-request/properties/vehicle/properties/BuildDate", 
              "title": "The builddate schema", 
              "type": "string"
            }, 
            "BusinessId": {
              "default": "Trivett Australia", 
              "description": "An explanation about the purpose of this instance.", 
              "id": "/properties/vehicle-request/properties/vehicle/properties/BusinessId", 
              "title": "The businessid schema", 
              "type": "string"
            }, 
            "DeliveryDate": {
              "default": "2017-01-31", 
              "description": "An explanation about the purpose of this instance.", 
              "id": "/properties/vehicle-request/properties/vehicle/properties/DeliveryDate", 
              "title": "The deliverydate schema", 
              "type": "string"
            }, 
            "EngineNumber": {
              "default": "", 
              "description": "An explanation about the purpose of this instance.", 
              "id": "/properties/vehicle-request/properties/vehicle/properties/EngineNumber", 
              "title": "The enginenumber schema", 
              "type": "string"
            }, 
            "ExternalColour": {
              "default": "Black", 
              "description": "An explanation about the purpose of this instance.", 
              "id": "/properties/vehicle-request/properties/vehicle/properties/ExternalColour", 
              "title": "The externalcolour schema", 
              "type": "string"
            }, 
            "ExternalId": {
              "default": "eb03d0e9-99f9-45cb-999e-5da8d77f24d1", 
              "description": "An explanation about the purpose of this instance.", 
              "id": "/properties/vehicle-request/properties/vehicle/properties/ExternalId", 
              "title": "The externalid schema", 
              "type": "string"
            }, 
            "ExternalSalespersonId": {
              "default": "", 
              "description": "An explanation about the purpose of this instance.", 
              "id": "/properties/vehicle-request/properties/vehicle/properties/ExternalSalespersonId", 
              "title": "The externalsalespersonid schema", 
              "type": "string"
            }, 
            "ExternalVehicleId": {
              "default": "4f2d425e-e56a-40c3-943a-0500d26ff011", 
              "description": "An explanation about the purpose of this instance.", 
              "id": "/properties/vehicle-request/properties/vehicle/properties/ExternalVehicleId", 
              "title": "The externalvehicleid schema", 
              "type": "string"
            }, 
            "InternalColour": {
              "default": "Black", 
              "description": "An explanation about the purpose of this instance.", 
              "id": "/properties/vehicle-request/properties/vehicle/properties/InternalColour", 
              "title": "The internalcolour schema", 
              "type": "string"
            }, 
            "KeyNumber": {
              "default": "", 
              "description": "An explanation about the purpose of this instance.", 
              "id": "/properties/vehicle-request/properties/vehicle/properties/KeyNumber", 
              "title": "The keynumber schema", 
              "type": "string"
            }, 
            "Make": {
              "default": "Subaru", 
              "description": "An explanation about the purpose of this instance.", 
              "id": "/properties/vehicle-request/properties/vehicle/properties/Make", 
              "title": "The make schema", 
              "type": "string"
            }, 
            "ModelCode": {
              "default": "BN9AK7C", 
              "description": "An explanation about the purpose of this instance.", 
              "id": "/properties/vehicle-request/properties/vehicle/properties/ModelCode", 
              "title": "The modelcode schema", 
              "type": "string"
            }, 
            "ModelColourCode": {
              "default": "", 
              "description": "An explanation about the purpose of this instance.", 
              "id": "/properties/vehicle-request/properties/vehicle/properties/ModelColourCode", 
              "title": "The modelcolourcode schema", 
              "type": "string"
            }, 
            "ModelYear": {
              "default": "2015", 
              "description": "An explanation about the purpose of this instance.", 
              "id": "/properties/vehicle-request/properties/vehicle/properties/ModelYear", 
              "title": "The modelyear schema", 
              "type": "string"
            }, 
            "OdometerReading": {
              "default": "", 
              "description": "An explanation about the purpose of this instance.", 
              "id": "/properties/vehicle-request/properties/vehicle/properties/OdometerReading", 
              "title": "The odometerreading schema", 
              "type": "string"
            }, 
            "PrimaryStatus": {
              "default": "Retailed", 
              "description": "An explanation about the purpose of this instance.", 
              "id": "/properties/vehicle-request/properties/vehicle/properties/PrimaryStatus", 
              "title": "The primarystatus schema", 
              "type": "string"
            }, 
            "ReceivedInStockDate": {
              "default": "2017-01-25", 
              "description": "An explanation about the purpose of this instance.", 
              "id": "/properties/vehicle-request/properties/vehicle/properties/ReceivedInStockDate", 
              "title": "The receivedinstockdate schema", 
              "type": "string"
            }, 
            "SecondaryStatus": {
              "default": "", 
              "description": "An explanation about the purpose of this instance.", 
              "id": "/properties/vehicle-request/properties/vehicle/properties/SecondaryStatus", 
              "title": "The secondarystatus schema", 
              "type": "string"
            }, 
            "SourceSystem": {
              "default": "V360", 
              "description": "An explanation about the purpose of this instance.", 
              "id": "/properties/vehicle-request/properties/vehicle/properties/SourceSystem", 
              "title": "The sourcesystem schema", 
              "type": "string"
            }, 
            "StockNumber": {
              "default": "", 
              "description": "An explanation about the purpose of this instance.", 
              "id": "/properties/vehicle-request/properties/vehicle/properties/StockNumber", 
              "title": "The stocknumber schema", 
              "type": "string"
            }, 
            "VIN": {
              "default": "SSPeY3lF9KSSPeY3lF9K", 
              "description": "An explanation about the purpose of this instance.", 
              "id": "/properties/vehicle-request/properties/vehicle/properties/VIN", 
              "title": "The vin schema", 
              "type": "string"
            }
          }, 
          "type": "object"
        }, 
        "vehicle-associations": {
          "id": "/properties/vehicle-request/properties/vehicle-associations", 
          "items": {
            "id": "/properties/vehicle-request/properties/vehicle-associations/items", 
            "properties": {
              "AssociationType": {
                "default": "Owner", 
                "description": "An explanation about the purpose of this instance.", 
                "id": "/properties/vehicle-request/properties/vehicle-associations/items/properties/AssociationType", 
                "title": "The associationtype schema", 
                "type": "string"
              }, 
              "BusinessId": {
                "default": "TrivettAustralia", 
                "description": "An explanation about the purpose of this instance.", 
                "id": "/properties/vehicle-request/properties/vehicle-associations/items/properties/BusinessId", 
                "title": "The businessid schema", 
                "type": "string"
              }, 
              "EndDate": {
                "default": "2017-09-02", 
                "description": "An explanation about the purpose of this instance.", 
                "id": "/properties/vehicle-request/properties/vehicle-associations/items/properties/EndDate", 
                "title": "The enddate schema", 
                "type": "string"
              }, 
              "ExternalEntityId": {
                "default": "45678", 
                "description": "An explanation about the purpose of this instance.", 
                "id": "/properties/vehicle-request/properties/vehicle-associations/items/properties/ExternalEntityId", 
                "title": "The externalentityid schema", 
                "type": "string"
              }, 
              "ExternalEntityType": {
                "default": "Individual", 
                "description": "An explanation about the purpose of this instance.", 
                "id": "/properties/vehicle-request/properties/vehicle-associations/items/properties/ExternalEntityType", 
                "title": "The externalentitytype schema", 
                "type": "string"
              }, 
              "ExternalId": {
                "default": "JFD123OWNER20170626120012", 
                "description": "An explanation about the purpose of this instance.", 
                "id": "/properties/vehicle-request/properties/vehicle-associations/items/properties/ExternalId", 
                "title": "The externalid schema", 
                "type": "string"
              }, 
              "ExternalSellingDealerId": {
                "default": "111", 
                "description": "An explanation about the purpose of this instance.", 
                "id": "/properties/vehicle-request/properties/vehicle-associations/items/properties/ExternalSellingDealerId", 
                "title": "The externalsellingdealerid schema", 
                "type": "integer"
              }, 
              "ExternalVehicleId": {
                "default": "00001", 
                "description": "An explanation about the purpose of this instance.", 
                "id": "/properties/vehicle-request/properties/vehicle-associations/items/properties/ExternalVehicleId", 
                "title": "The externalvehicleid schema", 
                "type": "string"
              }, 
              "IsPrimary": {
                "default": "true", 
                "description": "An explanation about the purpose of this instance.", 
                "id": "/properties/vehicle-request/properties/vehicle-associations/items/properties/IsPrimary", 
                "title": "The isprimary schema", 
                "type": "boolean"
              }, 
              "IsReversal": {
                "default": "false", 
                "description": "An explanation about the purpose of this instance.", 
                "id": "/properties/vehicle-request/properties/vehicle-associations/items/properties/IsReversal", 
                "title": "The isreversal schema", 
                "type": "boolean"
              }, 
              "PrimaryVehicleUse": {
                "default": "PrivateLocal", 
                "description": "An explanation about the purpose of this instance.", 
                "id": "/properties/vehicle-request/properties/vehicle-associations/items/properties/PrimaryVehicleUse", 
                "title": "The primaryvehicleuse schema", 
                "type": "string"
              }, 
              "RegistrationNumber": {
                "default": "ABC123", 
                "description": "An explanation about the purpose of this instance.", 
                "id": "/properties/vehicle-request/properties/vehicle-associations/items/properties/RegistrationNumber", 
                "title": "The registrationnumber schema", 
                "type": "string"
              }, 
              "SourceSystem": {
                "default": "V360", 
                "description": "An explanation about the purpose of this instance.", 
                "id": "/properties/vehicle-request/properties/vehicle-associations/items/properties/SourceSystem", 
                "title": "The sourcesystem schema", 
                "type": "string"
              }, 
              "StartDate": {
                "default": "2017-08-01", 
                "description": "An explanation about the purpose of this instance.", 
                "id": "/properties/vehicle-request/properties/vehicle-associations/items/properties/StartDate", 
                "title": "The startdate schema", 
                "type": "string"
              }, 
              "VIN": {
                "default": "J123XXX", 
                "description": "An explanation about the purpose of this instance.", 
                "id": "/properties/vehicle-request/properties/vehicle-associations/items/properties/VIN", 
                "title": "The vin schema", 
                "type": "string"
              }
            }, 
            "type": "object"
          }, 
          "type": "array"
        }, 
        "vehicle-policies": {
          "id": "/properties/vehicle-request/properties/vehicle-policies", 
          "items": {
            "id": "/properties/vehicle-request/properties/vehicle-policies/items", 
            "properties": {
              "BusinessId": {
                "default": "TrivettAustralia", 
                "description": "An explanation about the purpose of this instance.", 
                "id": "/properties/vehicle-request/properties/vehicle-policies/items/properties/BusinessId", 
                "title": "The businessid schema", 
                "type": "string"
              }, 
              "EndDate": {
                "default": "2023-02-19", 
                "description": "An explanation about the purpose of this instance.", 
                "id": "/properties/vehicle-request/properties/vehicle-policies/items/properties/EndDate", 
                "title": "The enddate schema", 
                "type": "string"
              }, 
              "ExternalCustomerId": {
                "default": "5231", 
                "description": "An explanation about the purpose of this instance.", 
                "id": "/properties/vehicle-request/properties/vehicle-policies/items/properties/ExternalCustomerId", 
                "title": "The externalcustomerid schema", 
                "type": "string"
              }, 
              "ExternalId": {
                "default": "20170830164100-abc", 
                "description": "An explanation about the purpose of this instance.", 
                "id": "/properties/vehicle-request/properties/vehicle-policies/items/properties/ExternalId", 
                "title": "The externalid schema", 
                "type": "string"
              }, 
              "ExternalVehicleId": {
                "default": "1234", 
                "description": "An explanation about the purpose of this instance.", 
                "id": "/properties/vehicle-request/properties/vehicle-policies/items/properties/ExternalVehicleId", 
                "title": "The externalvehicleid schema", 
                "type": "string"
              }, 
              "InceptionDate": {
                "default": "2017-02-20", 
                "description": "An explanation about the purpose of this instance.", 
                "id": "/properties/vehicle-request/properties/vehicle-policies/items/properties/InceptionDate", 
                "title": "The inceptiondate schema", 
                "type": "string"
              }, 
              "InvalidReason": {
                "default": "", 
                "description": "An explanation about the purpose of this instance.", 
                "id": "/properties/vehicle-request/properties/vehicle-policies/items/properties/InvalidReason", 
                "title": "The invalidreason schema", 
                "type": "string"
              }, 
              "LinkToOwner": {
                "default": "false", 
                "description": "An explanation about the purpose of this instance.", 
                "id": "/properties/vehicle-request/properties/vehicle-policies/items/properties/LinkToOwner", 
                "title": "The linktoowner schema", 
                "type": "boolean"
              }, 
              "PendingAction": {
                "default": "", 
                "description": "An explanation about the purpose of this instance.", 
                "id": "/properties/vehicle-request/properties/vehicle-policies/items/properties/PendingAction", 
                "title": "The pendingaction schema", 
                "type": "string"
              }, 
              "PolicyId": {
                "default": "X123421", 
                "description": "An explanation about the purpose of this instance.", 
                "id": "/properties/vehicle-request/properties/vehicle-policies/items/properties/PolicyId", 
                "title": "The policyid schema", 
                "type": "string"
              }, 
              "PolicyStatus": {
                "default": "Active", 
                "description": "An explanation about the purpose of this instance.", 
                "id": "/properties/vehicle-request/properties/vehicle-policies/items/properties/PolicyStatus", 
                "title": "The policystatus schema", 
                "type": "string"
              }, 
              "Provider": {
                "default": "Allianz", 
                "description": "An explanation about the purpose of this instance.", 
                "id": "/properties/vehicle-request/properties/vehicle-policies/items/properties/Provider", 
                "title": "The provider schema", 
                "type": "string"
              }, 
              "ProviderMarketing": {
                "default": "true", 
                "description": "An explanation about the purpose of this instance.", 
                "id": "/properties/vehicle-request/properties/vehicle-policies/items/properties/ProviderMarketing", 
                "title": "The providermarketing schema", 
                "type": "boolean"
              }, 
              "ProviderPolicyNumber": {
                "default": "87RX123214", 
                "description": "An explanation about the purpose of this instance.", 
                "id": "/properties/vehicle-request/properties/vehicle-policies/items/properties/ProviderPolicyNumber", 
                "title": "The providerpolicynumber schema", 
                "type": "string"
              }, 
              "ProviderStatus": {
                "default": "Active", 
                "description": "An explanation about the purpose of this instance.", 
                "id": "/properties/vehicle-request/properties/vehicle-policies/items/properties/ProviderStatus", 
                "title": "The providerstatus schema", 
                "type": "string"
              }, 
              "ProvisioningError": {
                "default": "", 
                "description": "An explanation about the purpose of this instance.", 
                "id": "/properties/vehicle-request/properties/vehicle-policies/items/properties/ProvisioningError", 
                "title": "The provisioningerror schema", 
                "type": "string"
              }, 
              "ProvisioningStatus": {
                "default": "", 
                "description": "An explanation about the purpose of this instance.", 
                "id": "/properties/vehicle-request/properties/vehicle-policies/items/properties/ProvisioningStatus", 
                "title": "The provisioningstatus schema", 
                "type": "string"
              }, 
              "SourceSystem": {
                "default": "V360", 
                "description": "An explanation about the purpose of this instance.", 
                "id": "/properties/vehicle-request/properties/vehicle-policies/items/properties/SourceSystem", 
                "title": "The sourcesystem schema", 
                "type": "string"
              }, 
              "StartDate": {
                "default": "2020-02-20", 
                "description": "An explanation about the purpose of this instance.", 
                "id": "/properties/vehicle-request/properties/vehicle-policies/items/properties/StartDate", 
                "title": "The startdate schema", 
                "type": "string"
              }, 
              "Type": {
                "default": "ExtendedWarranty", 
                "description": "An explanation about the purpose of this instance.", 
                "id": "/properties/vehicle-request/properties/vehicle-policies/items/properties/Type", 
                "title": "The type schema", 
                "type": "string"
              }, 
              "VIN": {
                "default": "JXVC123456DC12345", 
                "description": "An explanation about the purpose of this instance.", 
                "id": "/properties/vehicle-request/properties/vehicle-policies/items/properties/VIN", 
                "title": "The vin schema", 
                "type": "string"
              }
            }, 
            "type": "object"
          }, 
          "type": "array"
        }
      }, 
      "type": "object"
    }
  }, 
  "type": "object"
}