<?xml version="1.0" encoding="UTF-8"?>

<mule xmlns:anypoint-mq="http://www.mulesoft.org/schema/mule/anypoint-mq"
	xmlns:http="http://www.mulesoft.org/schema/mule/http" xmlns:secure-property-placeholder="http://www.mulesoft.org/schema/mule/secure-property-placeholder" xmlns:context="http://www.springframework.org/schema/context" xmlns="http://www.mulesoft.org/schema/mule/core" xmlns:doc="http://www.mulesoft.org/schema/mule/documentation"
	xmlns:spring="http://www.springframework.org/schema/beans" 
	xmlns:xsi="http://www.w3.org/2001/XMLSchema-instance"
	xsi:schemaLocation="http://www.mulesoft.org/schema/mule/anypoint-mq http://www.mulesoft.org/schema/mule/anypoint-mq/current/mule-anypoint-mq.xsd
http://www.springframework.org/schema/beans http://www.springframework.org/schema/beans/spring-beans-current.xsd
http://www.mulesoft.org/schema/mule/core http://www.mulesoft.org/schema/mule/core/current/mule.xsd
http://www.springframework.org/schema/context http://www.springframework.org/schema/context/spring-context-current.xsd
http://www.mulesoft.org/schema/mule/secure-property-placeholder http://www.mulesoft.org/schema/mule/secure-property-placeholder/current/mule-secure-property-placeholder.xsd
http://www.mulesoft.org/schema/mule/http http://www.mulesoft.org/schema/mule/http/current/mule-http.xsd">
    
    <spring:beans>
        <spring:import resource="classpath:leh-globals.xml"/>
        <spring:import resource="classpath:leh-common-request-preprocess.xml"/>
        <spring:import resource="classpath:leh-common-transaction-loggers.xml"/>
        <spring:import resource="classpath:error-handling.xml"/>
    </spring:beans>
    
    <anypoint-mq:config name="Anypoint_MQ_Configuration" doc:name="Anypoint MQ Configuration" acknowledgementMode="MANUAL" maxRedelivery="${mq.max.redelivery}" acknowledgementTimeout="${mq.acknowledgement.timeout}" pollingTime="${mq.polling.time}">
     <anypoint-mq:provider url="${mq.url}" clientId="${mq.client.id}" clientSecret="${mq.client.secret}"/>
	</anypoint-mq:config>
    
    <http:request-config name="Invoke_System_API" host="${lead.sys.http.listener.host}" port="${lead.sys.http.listener.port}" connectionIdleTimeout="${lead.sys.http.listener.timeout}" doc:name="HTTP Request Configuration"/>
    
    <secure-property-placeholder:config name="Secure_Property_Placeholder" key="${secure.key}" location="classpath:secure.${mule.env}.properties,${mule.env}.properties,common.properties" ignoreResourceNotFound="true" doc:name="Secure Property Placeholder"/>
    
</mule>
